Number,Name,Type,HP,Attack,Defense,SpecialAtk,SpecialDef,Speed
1,§®µìºØ¤l,Grass,45,49,49,65,65,45
2,§®µì¯ó,Grass,60,62,63,80,80,60
3,§®µìªáMega,Grass,80,100,123,122,120,80
3,§®µìªá,Grass,80,82,83,100,100,80
4,¤p¤õÀs,Fire,39,52,43,60,50,65
5,¤õ®£Às,Fire,58,64,58,80,65,80
6,¼Q¤õÀsMegaX,Fire,78,130,111,130,85,100
6,¼Q¤õÀsMegaY,Fire,78,104,78,159,115,100
6,¼Q¤õÀs,Fire,78,84,78,109,85,100
7,³Ç¥§Àt,Water,44,48,65,50,64,43
8,¥d«}Àt,Water,59,63,80,65,80,58
9,¤ô½bÀtMega,Water,79,103,120,135,115,78
9,¤ô½bÀt,Water,79,83,100,85,105,78
10,ºñ¤òÂÎ,Bug,45,30,35,20,20,45
11,ÅK¥Ò¸º,Bug,50,20,55,25,25,30
12,¤Ú¤j½º,Bug,60,45,50,90,80,70
13,¿W¨¤ÂÎ,Bug,40,35,30,20,20,50
14,ÅK´ß¸º,Bug,45,25,50,25,25,35
15,¤j°w¸ÁMega,Bug,65,150,40,15,80,145
15,¤j°w¸Á,Bug,65,90,40,45,80,75
16,ªiªi,Normal,40,45,40,35,35,56
17,¤ñ¤ñ³¾,Normal,63,60,55,50,50,71
18,¤j¤ñ³¾Mega,Normal,83,80,80,135,80,121
18,¤j¤ñ³¾,Normal,83,80,75,70,70,101
19,¤p©Ô¹F,Normal,30,56,35,25,35,72
20,©Ô¹F,Normal,55,81,60,50,70,97
21,¯P³¶,Normal,40,60,30,31,31,70
22,¤j¼L³¶,Normal,65,90,65,61,61,100
23,ªü¬f³D,Poison,35,60,44,40,54,55
24,ªü¬f©Ç,Poison,60,85,69,65,79,80
25,¥Ö¥d¥C,Electric,35,55,40,50,50,90
26,¹p¥C,Electric,60,90,55,90,80,110
27,¬ï¤s¹«,Ground,50,75,85,20,30,40
28,¬ï¤s¤ý,Ground,75,100,110,45,55,65
29,¥§¦hÄõ,Poison,55,47,52,40,40,41
30,¥§¦h®R,Poison,70,62,67,55,55,56
31,¥§¦h¦Z,Poison,90,92,87,75,85,76
32,¥§¦h®Ô,Poison,46,57,40,40,40,50
33,¥§¦h¤O¿Õ,Poison,61,72,57,55,55,65
34,¥§¦h¤ý,Poison,81,102,77,85,75,85
35,¥Ö¥Ö,Fairy,70,45,48,60,65,35
36,¥Ö¥i¦è,Fairy,95,70,73,95,90,60
37,¤»§À,Fire,38,41,40,50,65,65
38,¤E§À,Fire,73,76,75,81,100,100
39,­D¤B,Normal,115,45,20,45,25,20
40,­D¥i¤B,Normal,140,70,45,85,50,45
41,¶W­µ½»,Poison,40,45,35,30,40,55
42,¤j¼L½»,Poison,75,80,70,65,75,90
43,¨«¸ô¯ó,Grass,45,50,55,75,65,30
44,¯ä¯äªá,Grass,60,65,70,85,75,40
45,ÅQ¤ýªá,Grass,75,80,85,110,90,50
46,¬£©Ô´µ,Bug,35,70,55,45,55,25
47,¬£©Ô´µ¯S,Bug,60,95,80,60,80,30
48,¤ò²y,Bug,60,55,50,40,55,45
49,¼¯¾|¸¿,Bug,70,65,60,90,75,90
50,¦a¹«,Ground,10,55,25,35,45,95
51,¤T¦a¹«,Ground,35,80,50,50,70,120
52,ØpØp,Normal,40,45,35,40,40,90
53,¿ß¦Ñ¤j,Normal,65,70,60,65,65,115
54,¥i¹FÀn,Water,50,52,48,65,50,55
55,­ô¹FÀn,Water,80,82,78,95,80,85
56,µU©Ç,Fighting,40,80,,35,45,70
57,¤õÃzµU,Fighting,65,105,60,60,70,95
58,¥d¸¦ª¯,Fire,55,70,45,70,50,60
59,­·³tª¯,Fire,90,110,80,100,80,95
60,°A­»½Á°B,Water,40,50,40,40,40,90
61,°A­»§g,Water,65,65,65,50,50,90
62,°A­»ªa¤h,Water,90,95,95,70,90,70
63,³Í¦è,Psychic,25,20,15,105,55,90
64,«i°ò©Ô,Psychic,40,35,30,120,70,105
65,­J¦aMega,Psychic,55,50,65,175,95,150
65,­J¦a,Psychic,55,50,45,135,95,120
66,µÃ¤O,Fighting,70,80,,35,35,35
67,»¨¤O,Fighting,80,100,70,50,60,45
68,©Ç¤O,Fighting,90,130,80,65,85,55
69,³â¥zªÞ,Grass,50,75,35,70,30,40
70,¤f§bªá,Grass,65,90,50,85,45,55
71,¤j­¹ªá,Grass,80,105,65,100,70,70
72,º¿·ê¤ô¥À,Water,40,40,35,50,100,70
73,¬r¨ë¤ô¥À,Water,80,70,65,80,120,100
74,¤p®±¥Û,Rock,40,80,100,30,30,20
75,¶©¶©¥Û,Rock,55,95,115,45,45,35
76,¶©¶©©¥,Rock,80,120,130,55,65,45
77,¤p¤õ°¨,Fire,50,85,55,65,65,90
78,¯PµK°¨,Fire,65,100,70,80,80,105
79,§b§bÃ~,Water,90,65,65,40,40,15
80,§b´ßÃ~Mega,Water,95,75,180,130,80,30
80,§b´ßÃ~,Water,95,75,110,100,80,30
81,¤pºÏ©Ç,Electric,25,35,70,95,55,45
82,¤T¦X¤@ºÏ©Ç,Electric,50,60,95,120,70,70
83,¤j½µÀn,Normal,52,65,55,58,62,60
84,¹Ê¹Ê,Normal,35,85,45,35,35,75
85,¹Ê¹Ê§Q,Normal,60,110,,60,60,100
86,¤p®ü·à,Water,65,45,55,45,70,45
87,¥Õ®ü·à,Water,90,70,80,70,95,70
88,¯äªd,Poison,80,80,50,40,50,25
89,¯ä¯äªd,Poison,105,105,75,65,100,50
90,¤j¦Þ¨©,Water,30,65,100,45,25,40
91,¨ë¥Ò¨©,Water,50,95,180,85,45,70
92,°­´µ,Ghost,30,,30,100,35,80
93,°­´µ³q,Ghost,45,50,45,115,55,95
94,¯Õ°­Mega,Ghost,60,65,80,170,95,130
94,¯Õ°­,Ghost,60,65,60,130,75,110
95,¤j©¥³D,Rock,35,45,160,30,45,70
96,¶Ê¯vðñ,Psychic,60,48,45,43,90,42
97,¤Þ¹Úðñ¤H,Psychic,85,73,70,73,115,67
98,¤j¹XÃÉ,Water,30,105,90,25,25,50
99,¥¨¹XÃÉ,Water,55,130,115,50,50,75
100,ÅRÆE¹q²y,Electric,40,30,50,55,55,100
101,¹x¥Ö¹p¼u,Electric,60,50,70,80,80,140
102,³J³J,Grass,60,40,80,60,45,40
103,·¦³J¾ð,Grass,95,95,85,125,65,55
104,¥d©Ô¥d©Ô,Ground,50,50,95,40,50,35
105,¹Ç°Õ¹Ç°Õ,Ground,60,80,110,50,80,45
106,­¸»L­¦,Fighting,50,120,53,35,110,87
107,§Ö®±­¦,Fighting,50,105,79,35,110,76
108,¤j¦ÞÀY,Normal,90,55,75,60,75,30
109,¥Ë´µ¼u,Poison,40,65,95,60,45,35
110,Âù¼u¥Ë´µ,Poison,65,90,120,85,70,60
111,¿W¨¤µR¤û,Ground,80,85,95,30,30,25
112,Æp¨¤µRÃ~,Ground,105,130,120,45,45,40
113,¦N§Q³J,Normal,250,5,5,35,105,50
114,½¯ÃÃ©Ç,Grass,65,55,115,100,40,60
115,³UÃ~Mega,Normal,105,125,,60,100,100
115,³UÃ~,Normal,105,95,80,40,80,90
116,¾¥®ü°¨,Water,30,40,70,70,25,60
117,®ü¨ëÀs,Water,55,65,95,95,45,85
118,¨¤ª÷³½,Water,45,67,60,35,50,63
119,ª÷³½¤ý,Water,80,92,65,65,80,68
120,®ü¬P¬P,Water,30,45,55,70,55,85
121,Ä_¥Û®ü¬P,Water,60,75,85,100,85,115
122,Å]Àð¤H°¸,Psychic,40,45,65,100,120,90
123,­¸¤ÑÁ®½¸,Bug,70,110,80,55,80,105
124,°g®B©j,Ice,65,50,35,115,95,95
125,¹qÀ»Ã~,Electric,65,83,57,95,85,105
126,Àn¼L¤õÃ~,Fire,65,95,57,100,85,93
127,³ÍÃ¹´µMega,Bug,65,155,120,65,90,105
127,³ÍÃ¹´µ,Bug,65,125,100,55,70,85
128,ªÖ®õÃ¹,Normal,75,100,95,40,70,110
129,ÃU³½¤ý,Water,20,10,55,15,20,80
130,¼ÉÃUÀsMega,Water,95,155,109,70,130,81
130,¼ÉÃUÀs,Water,95,125,79,60,100,81
131,©Ô´¶©Ô´µ,Water,130,85,80,85,95,60
132,¦ÊÅÜ©Ç,Normal,48,48,48,48,48,48
133,¥ì¥¬,Normal,55,55,50,45,65,55
134,¤ô¥ì¥¬,Water,130,65,60,110,95,65
135,¹p¥ì¥¬,Electric,65,65,60,110,95,130
136,¤õ¥ì¥¬,Fire,65,130,60,95,110,65
137,¦hÃäÃ~,Normal,65,60,70,85,75,40
138,µâ¥ÛÃ~,Rock,35,40,100,90,55,35
139,¦h¨ëµâ¥ÛÃ~,Rock,70,60,125,115,70,55
140,¤Æ¥Û²¯,Rock,30,80,90,55,45,55
141,ÅI¤M²¯,Rock,60,115,105,65,70,80
142,¤Æ¥ÛÁlÀsMega,Rock,80,135,85,70,95,150
142,¤Æ¥ÛÁlÀs,Rock,80,105,65,60,75,130
143,¥d¤ñÃ~,Normal,160,,65,65,110,30
144,«æ­á³¾,Ice,90,85,100,95,125,85
145,°{¹q³¾,Electric,90,90,85,125,90,100
146,¤õµK³¾,Fire,90,100,90,125,85,90
147,°g§AÀs,Dragon,41,64,45,50,50,50
148,«¢§JÀs,Dragon,61,84,65,70,70,70
149,§ÖÀs,Dragon,91,134,95,100,100,80
150,¶W¹ÚMegaX,Psychic,106,190,100,154,100,130
150,¶W¹ÚMegaY,Psychic,106,150,70,194,120,140
150,¶W¹Ú,Psychic,106,110,90,154,90,130
151,¹Ú¤Û,Psychic,100,100,100,100,100,100
152,µâ¯ó¸­,Grass,45,49,65,49,65,45
153,¤ë®Û¸­,Grass,60,62,80,63,80,60
154,¤jªÇ¸ª,Grass,80,82,100,83,100,80
155,¤õ²y¹«,Fire,39,52,43,60,50,65
156,¤õ©¥¹«,Fire,58,64,58,80,65,80
157,¤õÃzÃ~,Fire,78,84,78,109,85,100
158,¤p¿÷Æs,Water,50,65,64,44,48,43
159,ÂÅÆs,Water,65,80,80,59,63,58
160,¤j¤OÆs,Water,85,105,100,79,83,78
161,§À¥ß,Normal,35,46,34,35,45,20
162,¤j§À¥ß,Normal,85,76,64,45,55,90
163,©B©B,Normal,60,30,30,36,56,50
164,¿ßÀY©]ÆN,Normal,100,50,50,76,96,70
165,ªÝ¿]ÂÎ,Bug,40,20,30,40,80,55
166,¦w¿]ÂÎ,Bug,55,35,50,55,110,85
167,¶êµ·µï,Bug,40,60,40,40,40,30
168,ªü§Q¦h´µ,Bug,70,90,70,60,60,40
169,¤e¦r½»,Poison,85,90,80,70,80,130
170,¿OÅ¢³½,Water,75,38,38,56,56,67
171,¹q¿O©Ç,Water,125,58,58,76,76,67
172,¥Ö¥C,Electric,20,40,15,35,35,60
173,¥ÖÄ_Ä_,Fairy,50,25,28,45,55,15
174,Ä_Ä_¤B,Normal,90,30,15,40,20,15
175,ªi§J¤ñ,Fairy,35,20,65,40,65,20
176,ªi§J°ò¥j,Fairy,55,40,85,80,105,40
177,¤ÑµM³¶,Psychic,40,50,45,70,45,70
178,¤ÑµM³¾,Psychic,65,75,70,95,70,95
179,«§§Q¦Ï,Electric,55,40,40,65,45,35
180,¯ñ¯ñ¦Ï,Electric,70,55,55,80,60,45
181,¹qÀsMega,Electric,90,95,105,165,110,45
181,¹qÀs,Electric,90,75,85,115,90,55
182,¬üÄRªá,Grass,75,80,95,90,100,50
183,º¿¤OÅS,Water,70,20,50,20,50,40
184,º¿¤OÅSÄR,Water,100,50,80,60,80,50
185,¾ð¤~©Ç,Rock,70,100,115,30,65,30
186,°A­»µì¬Ó,Water,90,75,75,90,100,70
187,··¤l¯ó,Grass,35,35,40,35,55,50
188,··¤lªá,Grass,55,45,50,45,65,80
189,··¤l´Ö,Grass,75,55,70,55,95,110
190,ªø§À©Ç¤â,Normal,55,70,55,40,55,85
191,¦V¤éºØ¤l,Grass,30,30,30,30,30,30
192,¦V¤éªá©Ç,Grass,75,75,55,105,85,30
193,»f»f¸»,Bug,65,65,45,75,45,95
194,¯Qªi,Water,55,45,45,25,25,15
195,ªh¤ý,Water,95,85,85,65,65,35
196,¤Ó¶§¥ì¥¬,Psychic,65,65,60,130,95,110
197,¤ë«G¥ì¥¬,Dark,95,65,110,60,130,65
198,¶Â·t¾~,Dark,60,85,42,85,42,91
199,§b§b¤ý,Water,95,75,80,100,110,30
200,¹Ú§¯,Ghost,60,60,,85,85,85
201,¥¼ª¾¹ÏÄË,Psychic,48,72,48,72,48,48
202,ªGµM¯Î,Psychic,190,33,58,33,58,33
203,ÄQÅï©_,Normal,70,80,65,90,65,85
204,ºdªG²y,Bug,50,65,90,35,35,15
205,¦ò¯P¦«´µ,Bug,75,90,140,60,60,40
206,¤gÀs§Ì§Ì,Normal,100,70,70,65,65,45
207,¤ÑÃÈ,Ground,65,75,105,35,65,85
208,¤j¿û³DMega,Steel,75,125,230,55,95,30
208,¤j¿û³D,Steel,75,85,200,55,65,30
209,¥¬¾|,Fairy,60,80,50,40,40,30
210,¥¬¾|¬Ó,Fairy,90,120,75,60,60,45
211,¤d°w³½,Water,65,95,75,55,55,85
212,¥¨¹XÁ®½¸Mega,Bug,70,150,140,65,100,75
212,¥¨¹XÁ®½¸,Bug,70,130,100,55,80,65
213,³ý³ý,Bug,20,10,230,10,230,5
214,»®©Ô§JÃ¹´µMega,Bug,80,185,115,40,105,75
214,»®©Ô§JÃ¹´µ,Bug,80,125,75,40,95,85
215,Ëc©Ô,Dark,55,95,55,35,75,115
216,ºµÄ_Ä_,Normal,60,80,50,50,50,40
217,°é°éºµ,Normal,90,130,,75,75,55
218,º²©¥ÂÎ,Fire,40,40,40,70,40,20
219,º²©¥½½¤û,Fire,50,50,120,80,80,30
220,¤p¤s½Þ,Ice,50,50,40,30,30,50
221,ªø¤ò½Þ,Ice,100,100,80,60,60,50
222,¤Ó¶§¬À·ä,Water,55,55,85,65,85,35
223,ÅK¬¶³½,Water,35,65,35,65,35,65
224,³¹³½±í,Water,75,105,75,105,75,45
225,«H¨Ï³¾,Ice,45,55,45,65,45,75
226,¥¨¯Í­¸³½,Water,65,40,70,80,140,70
227,²¯¥Ò³¾,Steel,65,80,140,40,70,70
228,À¹¾|¤ñ,Dark,45,60,30,80,50,65
229,¶Â¾|¥[Mega,Dark,75,90,90,140,90,115
229,¶Â¾|¥[,Dark,75,90,50,110,80,95
230,¨ëÀs¤ý,Water,75,95,95,95,95,85
231,¤p¤p¶H,Ground,90,60,60,40,40,40
232,¹y¥Ò,Ground,90,120,120,60,60,50
233,¦hÃäÃ~¢º,Normal,85,80,90,105,95,60
234,Åå¨¤³À,Normal,73,95,62,85,65,85
235,¹Ï¹Ï¤ü,Normal,55,20,35,20,45,75
236,µL¬È¤p¤l,Fighting,35,,35,35,35,35
237,¾Ô»R­¦,Fighting,50,95,95,35,110,70
238,°g®B«½,Ice,45,30,15,85,65,65
239,¹qÀ»©Ç,Electric,45,63,37,65,55,95
240,Àn¼LÄ_Ä_,Fire,45,75,37,70,55,83
241,¤j¥¤Åø,Normal,95,80,105,40,70,100
242,©¯ºÖ³J,Normal,255,10,10,75,135,55
243,¹p¤½,Electric,90,85,75,115,100,115
244,ª¢«Ò,Fire,115,115,85,90,75,100
245,¤ô§g,Water,100,75,115,90,115,85
246,¥®°ò©Ô´µ,Rock,50,64,50,45,50,41
247,¨F°ò©Ô´µ,Rock,70,84,70,65,70,51
248,¯Z°ò©Ô´µMega,Rock,100,164,150,95,120,71
248,¯Z°ò©Ô´µ,Rock,100,134,110,95,100,61
249,¬¥©_¨È,Psychic,106,90,130,90,154,110
250,»ñ¤ý,Fire,106,130,90,110,154,90
251,®É©Ô¤ñ,Psychic,100,100,100,100,100,100
252,¤ì¦u®c,Grass,40,45,35,65,55,70
253,´ËªL»h»i,Grass,50,65,45,85,65,95
254,»h»i¤ýMega,Grass,70,110,75,145,85,145
254,»h»i¤ý,Grass,70,85,65,105,85,120
255,¤õ¸XÂû,Fire,45,60,40,70,50,45
256,¤O§§Âû,Fire,60,85,60,85,60,55
257,¤õµKÂûMega,Fire,80,160,80,130,80,100
257,¤õµKÂû,Fire,80,120,70,110,70,80
258,¤ôÅD³½,Water,50,70,50,50,50,40
259,ªhÅD³½,Water,70,85,70,60,70,50
260,¥¨ªh©ÇMega,Water,100,150,110,95,110,70
260,¥¨ªh©Ç,Water,100,110,90,85,90,60
261,¤g¯T¤ü,Dark,35,55,35,30,30,35
262,¤j¯T¤ü,Dark,70,90,70,60,60,70
263,³D¯¾ºµ,Normal,38,30,41,30,41,60
264,ª½½Äºµ,Normal,78,70,61,50,61,100
265,¨ë§ÀÂÎ,Bug,45,45,35,20,30,20
266,¥Ò´ßÃµ,Bug,50,35,55,25,25,15
267,¬¼Ây»ñ½º,Bug,60,70,50,100,50,65
268,¬Þ¥ÒÃµ,Bug,50,35,55,25,25,15
269,¬r¯»¸¿,Bug,60,50,70,50,90,65
270,½¬¸­µ£¤l,Water,40,30,30,40,50,30
271,½¬´U¤pµ£,Water,60,50,50,60,70,50
272,¼Ö¤Ñªeµ£,Water,80,70,70,90,100,70
273,¾ó¹êªG,Grass,40,40,50,30,30,30
274,ªø»ó¸­,Grass,70,70,40,60,40,60
275,¬¾·â¤Ñª¯,Grass,90,100,60,90,60,80
276,¶Æ°©¿P,Normal,40,55,30,30,30,85
277,¤j¤ý¿P,Normal,60,85,60,50,50,125
278,ªø¯ÍÅÃ,Water,40,30,30,55,30,85
279,¤j¼LÅÃ,Water,60,50,100,85,70,65
280,©Ô¾|©Ôµ·,Psychic,28,25,25,45,35,40
281,©_¾|²ú¦w,Psychic,38,35,35,65,55,50
282,¨F©`¦·Mega,Psychic,68,85,65,165,135,100
282,¨F©`¦·,Psychic,68,65,65,125,115,80
283,·È·È¿}²y,Bug,40,30,32,50,52,65
284,«B¯Í¸¿,Bug,70,60,62,80,82,60
285,Ä¨Ä¨Û£,Grass,60,40,60,40,60,35
286,¤æ²ÁÛ£,Grass,60,130,80,60,60,70
287,Ãi¤HÃ¡,Normal,60,60,60,35,35,30
288,¹L°Ê·á,Normal,80,80,80,55,55,90
289,½Ð°²¤ý,Normal,150,,100,95,65,100
290,¤g©~§Ô¤h,Bug,31,45,90,30,30,40
291,ÅK­±§ÔªÌ,Bug,61,90,45,50,50,160
292,²æ´ß§ÔªÌ,Bug,1,90,45,30,30,40
293,©B§¬§¬,Normal,64,51,23,51,23,28
294,§qÃz¼u,Normal,84,71,43,71,43,48
295,Ãz­µ©Ç,Normal,104,91,63,91,73,68
296,¹õ¤U¤O¤h,Fighting,72,60,,20,30,25
297,ÅK´x¤O¤h,Fighting,144,120,60,40,60,50
298,ÅS¤OÄR,Normal,50,20,40,20,40,20
299,´Â¥_»ó,Rock,30,45,135,45,90,30
300,¦V§ÀØp,Normal,50,45,45,35,35,50
301,Àu¶®¿ß,Normal,70,65,65,55,55,70
302,¤Ä»î²´Mega,Dark,50,85,125,85,115,20
302,¤Ä»î²´,Dark,50,75,75,65,65,50
303,¤j¼L«½Mega,Steel,50,105,125,55,95,50
303,¤j¼L«½,Steel,50,85,85,55,55,50
304,¥i¥i¦h©Ô,Steel,50,70,100,40,40,30
305,¥i¦h©Ô,Steel,60,90,140,50,50,40
306,ªi¤h¥i¦h©ÔMega,Steel,70,140,230,60,80,50
306,ªi¤h¥i¦h©Ô,Steel,70,110,180,60,60,50
307,º¿¨F¨º,Fighting,30,,55,40,55,60
308,«ê¹p©iMega,Fighting,60,100,85,80,85,100
308,«ê¹p©i,Fighting,60,60,75,60,75,80
309,¸¨¹pÃ~,Electric,40,45,40,65,40,65
310,¹p¹qÃ~Mega,Electric,70,75,80,135,80,135
310,¹p¹qÃ~,Electric,70,75,60,105,60,105
311,¥¿¹q©ç©ç,Electric,60,50,40,85,75,95
312,­t¹q©ç©ç,Electric,60,40,50,75,85,95
313,¹q¿ÃÂÎ,Bug,65,73,55,47,75,85
314,²¢²¢¿Ã,Bug,65,47,55,73,75,85
315,¬rÁ¥Á¨,Grass,50,60,45,100,80,65
316,·»­¹Ã~,Poison,70,43,53,43,53,40
317,§]­¹Ã~,Poison,100,73,83,73,83,55
318,§Q¤ú³½,Water,45,90,20,65,20,65
319,¥¨¤úÃTMega,Water,70,140,70,110,65,105
319,¥¨¤úÃT,Water,70,120,40,95,40,95
320,§q§qÄH,Water,130,70,35,70,35,60
321,§qÄH¤ý,Water,170,90,45,90,45,60
322,§b¤õ¾m,Fire,60,60,40,65,45,35
323,¼Q¤õ¾mMega,Fire,70,120,100,145,105,20
323,¼Q¤õ¾m,Fire,70,100,70,105,75,40
324,·Ñ¬´Àt,Fire,70,85,140,85,70,20
325,¸õ¸õ½Þ,Psychic,60,25,35,70,80,60
326,¼P¼P½Þ,Psychic,80,45,65,90,110,80
327,®Ì®Ì´³,Normal,60,60,60,60,60,60
328,¤jÃEÃÆ,Ground,45,100,45,45,45,10
329,¶W­µªi¥®ÂÎ,Ground,50,70,50,50,50,70
330,¨Fºz»f¸»,Ground,80,100,80,80,80,100
331,¨ë²y¥P¤H´x,Grass,50,85,40,85,40,35
332,¹Úºq¥P¤H´x,Grass,70,115,60,115,60,55
333,«Cºø³¾,Normal,45,40,60,40,75,50
334,¤C¤i«C³¾Mega,Dragon,75,110,110,110,105,80
334,¤C¤i«C³¾,Dragon,75,70,90,70,105,80
335,¿ßÃ^±Ù,Normal,73,115,,60,60,90
336,¶º°Í³D,Poison,73,100,60,100,60,65
337,¤ë¥Û,Rock,70,55,65,95,85,70
338,¤Ó¶§©¥,Rock,70,95,85,55,65,70
339,ªdªdÄÏ,Water,50,48,43,46,41,60
340,óÎ³½¤ý,Water,110,78,73,76,71,60
341,Às½¼¤p§L,Water,43,80,65,50,35,35
342,ÅKîgÀs½¼,Water,63,120,85,90,55,55
343,¤Ñ¯¯°¸,Ground,40,40,55,40,70,55
344,©À¤O¤g°¸,Ground,60,70,105,70,120,75
345,Ä²¤â¦Ê¦X,Rock,66,41,77,61,87,23
346,·nÄx¦Ê¦X,Rock,86,81,97,81,107,43
347,¤Ó¥j¦ÐÂÎ,Rock,45,95,50,40,50,75
348,¤Ó¥j²¯¥Ò,Rock,75,125,100,70,80,45
349,ÁàÁà³½,Water,20,15,20,10,55,80
350,¬ü¯Ç´µ,Water,95,60,79,100,125,81
351,ÄÆ¯Bªwªw,Normal,70,70,70,70,70,70
352,ÅÜÁôÀs,Normal,60,90,70,60,120,40
353,«è¼v«½«½,Ghost,44,75,35,63,33,45
354,¶A©G«½«½,Ghost,64,115,65,83,63,65
354,¶A©G«½«½Mega,Ghost,64,,75,93,83,75
355,©]¨µÆF,Ghost,20,40,90,30,90,25
356,§Ï´a©]ÆF,Ghost,40,70,130,60,130,25
357,¼ö±aÀs,Grass,99,68,83,72,87,51
358,­·¹a¹a,Psychic,65,50,70,95,80,65
359,ªü«k±ô¾|Mega,Dark,65,150,60,115,60,115
359,ªü«k±ô¾|,Dark,65,130,60,75,60,75
360,¤pªGµM,Psychic,95,23,48,23,48,23
361,³·µ£¤l,Ice,50,50,50,50,50,50
362,¦B°­Å@Mega,Ice,80,120,80,120,80,100
362,¦B°­Å@,Ice,80,80,80,80,80,80
363,®ü°\²y,Ice,70,40,50,55,50,25
364,®üÅ]·à,Ice,90,60,70,75,70,45
365,«Ò¤ú®ü·à,Ice,110,80,90,95,90,65
366,¬Ã¯]¨©,Water,35,64,85,74,55,32
367,Ây´³³½,Water,55,104,105,94,75,52
368,Äåªá³½,Water,55,84,105,114,75,52
369,¥jªÅ´Æ³½,Water,100,90,130,45,65,55
370,·R¤ß³½,Water,43,30,55,40,65,97
371,Ä_¨©Às,Dragon,45,75,60,40,30,50
372,¥Ò´ßÀs,Dragon,65,95,100,60,50,50
373,¼É­¸ÀsMega,Dragon,95,145,130,120,90,120
373,¼É­¸Às,Dragon,95,135,80,110,80,100
374,ÅK°×¹a,Steel,40,55,80,35,60,30
375,ª÷ÄÝ©Ç,Steel,60,75,100,55,80,50
376,¥¨ª÷©ÇMega,Steel,80,145,150,105,110,110
376,¥¨ª÷©Ç,Steel,80,135,130,95,90,70
377,¹p¦N¬¥§J,Rock,80,100,200,50,100,50
378,¹p¦N¦ã´µ,Ice,80,50,100,100,200,50
379,¹p¦N´µ©_¾|,Steel,80,75,150,75,150,50
380,©Ô«Ò¨È´µMega,Dragon,80,100,120,140,150,110
380,©Ô«Ò¨È´µ,Dragon,80,80,90,110,130,110
381,©Ô«Ò¼Ú´µMega,Dragon,80,130,100,160,120,110
381,©Ô«Ò¼Ú´µ,Dragon,80,90,80,130,110,110
382,»\¼Ú¥dMega,Water,100,150,90,180,160,90
382,»\¼Ú¥d,Water,100,100,90,150,140,90
383,©T©Ô¦hMega,Ground,100,180,160,150,90,90
383,©T©Ô¦h,Ground,100,150,140,100,90,90
384,¯PªÅ§¤Mega,Dragon,105,180,100,180,100,115
384,¯PªÅ§¤,Dragon,105,150,90,150,90,95
385,°ò©Ô¬è,Steel,100,100,100,100,100,100
386,¥N¼Ú©_§Æ´µ(§ðÀ»),Psychic,50,180,20,180,20,150
386,¥N¼Ú©_§Æ´µ(¥¿±`),Psychic,50,150,50,150,50,150
386,¥N¼Ú©_§Æ´µ(³t«×),Psychic,50,95,90,95,90,180
386,¥N¼Ú©_§Æ´µ(¨¾¿m),Psychic,50,70,160,70,160,90
387,¯ó­]Àt,Grass,55,68,64,45,55,31
388,¾ðªLÀt,Grass,75,89,85,55,65,36
389,¤g¥xÀt,Grass,95,109,105,75,85,56
390,¤p¤õµKµU,Fire,44,58,44,58,44,61
391,²r¤õµU,Fire,64,78,52,78,52,81
392,¯PµKµU,Fire,76,104,71,104,71,108
393,ªi¥[°Ò,Water,53,51,53,61,56,40
394,ªi¬Ó¤l,Water,64,66,68,81,76,50
395,«Ò¤ý®³ªi,Water,84,86,88,111,101,60
396,©i§J¨à,Normal,40,55,30,30,30,60
397,©i§J³¾,Normal,55,75,50,40,40,80
398,©i§JÆN,Normal,85,120,70,50,60,100
399,¤j¤ú¯W,Normal,59,45,40,35,40,31
400,¤j§À¯W,Normal,79,85,60,55,60,71
401,¶êªk®v,Bug,37,25,41,25,41,25
402,­µ½cÁ¬,Bug,77,85,51,55,51,65
403,¤p¿ß©Ç,Electric,45,65,34,40,34,45
404,°Ç§J¿ß,Electric,60,85,49,60,49,60
405,­Ûµ^¿ß,Electric,80,120,79,95,79,70
406,§t²Û­c,Grass,40,30,35,50,70,55
407,Ã¹µ·¹p¦·,Grass,60,70,65,125,105,90
408,ÀY»\Às,Rock,67,125,40,30,30,58
409,¾ÔºlÀs,Rock,97,165,60,65,50,58
410,¬Þ¥ÒÀs,Rock,30,42,118,42,88,30
411,Å@«°Às,Rock,60,52,168,47,138,30
412,µ²¯ó¨à,Bug,40,29,45,29,45,36
413,µ²¯ó¶Q°ü(¯ó¤ì»b¦ç),Bug,60,79,105,59,85,36
413,µ²¯ó¶Q°ü(©U§£»b¦ç),Bug,60,69,95,69,95,36
413,µ²¯ó¶Q°ü(´Óª«»b¦ç),Bug,60,59,85,79,105,36
414,²Ô¤h¸¿,Bug,70,94,50,94,50,66
415,¤T»e¸Á,Bug,30,30,42,30,42,70
416,¸Á¤k¤ý,Bug,70,80,102,80,102,40
417,©¬©_§Q¯÷,Electric,60,45,70,45,90,95
418,ªa°éÃ^,Water,55,65,35,60,30,85
419,¯B¼çÃ^,Water,85,105,55,85,50,115
420,ÄåªáÄ_,Grass,45,35,45,62,53,35
421,Äåªá¨à,Grass,70,60,70,87,78,85
422,µL´ß®ü¨ß,Water,76,48,48,57,62,34
423,®ü¨ßÃ~,Water,111,83,68,92,82,39
424,Âù§À©Ç¤â,Normal,75,100,66,60,66,115
425,ÄÆÄÆ²y,Ghost,90,50,,60,44,70
426,ÀH­·²y,Ghost,150,80,,90,54,80
427,±²±²¦Õ,Normal,55,66,44,44,56,85
428,ªø¦Õ¨ßMega,Normal,65,136,94,54,96,135
428,ªø¦Õ¨ß,Normal,65,76,84,54,96,105
429,¹Ú§¯Å],Ghost,60,60,,105,105,105
430,¯Q¾~ÀYÀY,Dark,100,125,52,105,52,71
431,¾y¤OØp,Normal,49,55,42,42,37,85
432,ªF¬IØp,Normal,71,82,64,64,59,112
433,¹aÅLÅT,Psychic,45,30,50,65,50,45
434,¯äÃ^¼P,Poison,63,63,47,41,41,74
435,©Z§J¯äÃ^,Poison,103,93,67,71,61,84
436,»ÉÃè©Ç,Steel,57,24,86,24,86,23
437,«C»ÉÄÁ,Steel,67,89,116,79,116,33
438,¬Ö¤~©Ç,Rock,50,80,95,10,45,10
439,Å]¥§¥§,Psychic,20,25,45,70,90,60
440,¤pºÖ³J,Normal,100,5,5,15,65,30
441,µÁ¾¸³¾,Normal,76,65,45,92,42,91
442,ªá©¥©Ç,Ghost,50,92,108,92,108,35
443,¶ê³°ÃT,Dragon,58,70,45,40,45,42
444,¦y¤ú³°ÃT,Dragon,68,90,65,50,55,82
445,¯P«r³°ÃTMega,Dragon,108,170,115,120,95,92
445,¯P«r³°ÃT,Dragon,108,130,95,80,85,102
446,¤p¥d¤ñÃ~,Normal,135,85,40,40,85,5
447,§Q¼Ú¸ô,Fighting,40,70,40,35,40,60
448,¸ô¥d§Q¼ÚMega,Fighting,70,145,88,140,70,112
448,¸ô¥d§Q¼Ú,Fighting,70,110,70,115,70,90
449,¨Fªe°¨,Ground,68,72,78,38,42,32
450,ªe°¨Ã~,Ground,108,112,118,68,72,47
451,¹X§ÀÃÈ,Poison,40,50,90,30,55,65
452,Às¤ýÃÈ,Poison,70,90,110,60,75,95
453,¤£¨}µì,Poison,48,61,40,61,40,50
454,¬r¾uµì,Poison,83,106,65,86,65,85
455,¦y¤úÅ¢,Grass,74,100,72,90,72,46
456,¿Ã¥ú³½,Water,49,49,56,49,61,66
457,ÀO­i³½,Water,69,69,76,69,86,91
458,¤p²y­¸³½,Water,45,20,50,60,120,50
459,³·²Á©Ç,Grass,60,62,50,62,60,40
460,¼É³·¤ýMega,Grass,90,132,105,132,105,30
460,¼É³·¤ý,Grass,90,92,75,92,85,60
461,º¿Ëc©Ô,Dark,70,120,65,45,85,125
462,¦ÛÃzºÏ©Ç,Electric,70,70,115,130,90,60
463,¤j¦Þ»Q,Normal,110,85,95,80,95,50
464,¶W¥Ò¨gµR,Ground,115,140,130,55,55,40
465,¥¨½¯ÃÃ,Grass,100,100,125,110,50,50
466,¹qÀ»Å]Ã~,Electric,75,123,67,95,85,95
467,Àn¼Lª¢Ã~,Fire,75,95,67,125,95,83
468,ªi§J°ò´µ,Fairy,85,50,95,120,115,80
469,»·¥j¥¨¸»,Bug,86,76,86,116,56,95
470,¸­¥ì¥¬,Grass,65,110,130,60,65,95
471,¦B¥ì¥¬,Ice,65,60,110,130,95,65
472,¤ÑÃÈ¤ý,Ground,75,95,125,45,75,95
473,¶H¤ú½Þ,Ice,110,130,80,70,60,80
474,¦hÃäÃ~¢è,Normal,85,80,70,135,75,90
475,¦ã¸ô¹p¦·Mega,Psychic,68,165,95,65,115,110
475,¦ã¸ô¹p¦·,Psychic,68,125,65,65,115,80
476,¤j´Â¥_»ó,Rock,60,55,145,75,150,40
477,¶Â©]Å]ÆF,Ghost,45,100,135,65,135,45
478,³·§¯¤k,Ice,70,80,70,80,70,110
479,¬¥¦«©i-Heat,Electric,50,65,107,105,107,86
479,¬¥¦«©i-Wash,Electric,50,65,107,105,107,86
479,¬¥¦«©i-Forst,Electric,50,65,107,105,107,86
479,¬¥¦«©i-Fan,Electric,50,65,107,105,107,86
479,¬¥¦«©i-Mow,Electric,50,65,107,105,107,86
479,¬¥¦«©i,Electric,50,50,77,95,77,91
480,¥Ñ§J§Æ,Psychic,75,75,130,75,130,95
481,¦ã©i§Q¦h,Psychic,80,105,105,105,105,80
482,¨È§J¿Õ©i,Psychic,75,125,70,125,70,115
483,«Ò¤ú¿c¥d,Steel,100,120,120,150,100,90
484,©¬¸ô©_¨È,Water,90,120,100,150,120,100
485,®u¦hÂÅ®¦,Fire,91,90,106,130,106,77
486,¹p¦N©_¥d´µ,Normal,110,,110,80,110,100
487,ÃM©Ô«Ò¯Ç-Origin,Ghost,150,120,100,120,100,90
487,ÃM©Ô«Ò¯Ç-Altered,Ghost,150,100,120,100,120,90
488,§J¹p¦â§Q¨È,Psychic,120,70,120,75,130,85
489,ÀP¼Ú¯Ç,Water,80,80,80,80,80,80
490,º¿¯ÇÀP,Water,100,100,100,100,100,100
491,¹F§JµÜ¥ì,Dark,70,90,90,135,90,125
492,ÁÂ¦Ì-sky,Grass,100,103,75,120,75,127
492,ÁÂ¦Ì-Land,Grass,100,100,100,100,100,100
493,ªüº¸©z´µ,Normal,120,120,,120,120,120
494,¤ñ§J´£¥§,Psychic,100,100,100,100,100,100
495,ÃÃÃÃ³D,Grass,45,45,55,45,55,63
496,«CÃÃ³D,Grass,60,60,75,60,75,83
497,§g¥D³D,Grass,75,75,95,75,95,113
498,·x·x½Þ,Fire,65,63,45,45,45,45
499,ª£ª£½Þ,Fire,90,93,55,70,55,55
500,ª¢ªZ¤ý,Fire,110,123,65,100,65,65
501,¤ô¤ôÃ¡,Water,55,55,45,63,45,45
502,Âù¤b¤Y,Water,75,75,60,83,60,60
503,¤j¼C°­,Water,95,100,85,108,70,70
504,±´±´¹«,Normal,45,55,39,35,39,42
505,¨B­ï¹«,Normal,60,85,69,60,69,77
506,¤p¬ù§J,Normal,45,60,45,25,45,55
507,«¢¬ù§J,Normal,65,80,65,35,65,60
508,ªø¤òª¯,Normal,85,,90,45,90,80
509,¥¶¤â¿ß,Dark,41,50,37,50,37,66
510,»Å°\,Dark,64,88,50,88,50,106
511,ªá·¦µU,Grass,50,53,48,53,48,64
512,ªá·¦·á,Grass,75,98,63,98,63,101
513,Ãz­»µU,Fire,50,53,48,53,48,64
514,Ãz­»·á,Fire,75,98,63,98,63,101
515,§N¤ôµU,Water,50,53,48,53,48,64
516,§N¤ô·á,Water,75,98,63,98,63,101
517,­¹¹Ú¹Ú,Psychic,76,25,45,67,55,24
518,¹Ú¹Ú»k,Psychic,116,55,85,107,95,29
519,¨§¨§ÂF,Normal,50,55,50,36,30,43
520,©B©BÂF,Normal,62,77,62,50,42,65
521,°ª¶Æ¹nÂû,Normal,80,115,80,65,55,93
522,´³´³°¨,Electric,45,60,32,50,32,76
523,¹p¹q´³°¨,Electric,75,100,63,80,63,116
524,¥Û¤Y¤l,Rock,55,75,85,25,25,15
525,¦a¹÷©¥,Rock,70,105,105,50,40,20
526,Ãe©¥©Ç,Rock,85,135,130,60,80,25
527,ºuºu½¿½»,Psychic,55,45,43,55,43,72
528,¤ß½¿½»,Psychic,67,57,55,77,55,114
529,Á³°v¦a¹«,Ground,60,85,40,30,45,68
530,ÀsÀY¦a¹«,Ground,110,135,60,50,65,88
531,®t¤£¦h«½«½Mega,Normal,103,60,126,80,126,50
531,®t¤£¦h«½«½,Normal,103,60,,60,86,50
532,·h¹B¤p¦K,Fighting,75,80,55,25,35,35
533,ÅK°©¤g¤H,Fighting,85,105,85,40,50,40
534,­×«Ø¦Ñ¦K,Fighting,105,140,95,55,65,45
535,¶ê½Á°B,Water,50,50,40,50,40,64
536,ÂÅÃÊßï,Water,75,65,55,65,55,69
537,ÃÊßï¤ý,Water,105,95,75,85,75,74
538,§ëºL°­,Fighting,120,100,85,30,85,45
539,¥´À»°­,Fighting,75,125,75,30,75,85
540,ÂÎÄ_¥],Bug,45,53,70,40,60,42
541,Ä_¥]Ãµ,Bug,55,63,90,50,80,42
542,«O¥ÀÂÎ,Bug,75,103,80,70,80,92
543,¦Ê¨¬¸¼°G,Bug,30,45,59,30,39,57
544,¨®½ü²A,Bug,40,55,99,40,79,47
545,¸¼°G¤ý,Bug,60,100,89,55,69,112
546,¤ì´Ö²y,Grass,40,27,60,37,50,66
547,­·§¯ºë,Grass,60,67,85,77,75,116
548,¦Ê¦X®Ú«½«½,Grass,45,35,50,70,50,30
549,¸È¨à¤p©j,Grass,70,60,75,110,75,90
550,³¥ÆZÆt³½,Water,70,92,65,80,55,98
551,¶Â²´Æs,Ground,50,72,35,35,35,65
552,²V²VÆs,Ground,60,82,45,45,45,74
553,¬yª]Æs,Ground,95,117,80,65,70,92
554,¤õ¬õ¤£­Ë¯Î,Fire,70,90,45,15,45,50
555,¹F¼¯ÍaÍa-Standard,Fire,105,140,55,30,55,95
555,¹F¼¯ÍaÍa-Zen,Fire,105,30,105,140,105,55
556,¨F¹a¥P¤H´x,Grass,75,86,67,106,67,60
557,¥Û©~ÃÉ,Bug,50,65,85,35,35,55
558,©¥·µ©~ÃÉ,Bug,70,95,125,65,75,45
559,·Æ·Æ¤p¤l,Dark,50,75,70,35,70,48
560,ÀY¤y²V²V,Dark,65,90,115,45,115,58
561,¶H¼x³¾,Psychic,72,58,80,103,80,97
562,­ú­ú­±¨ã,Ghost,38,30,85,55,65,30
563,¦º¯«´Ã,Ghost,58,50,145,95,105,30
564,­ì»\®üÀt,Water,54,78,103,53,45,22
565,¦Ø°©®üÀt,Water,74,108,133,83,65,32
566,©l¯ª¤p³¾,Rock,55,112,45,74,45,70
567,©l¯ª¤j³¾,Rock,75,140,65,112,65,110
568,¯}¯}³U,Poison,50,50,62,40,62,65
569,¦Ç¹Ð¤s,Poison,80,95,82,60,82,75
570,¯ÁÃ¹¨È,Dark,40,65,40,80,40,65
571,¯ÁÃ¹¨È§J,Dark,60,105,60,120,60,105
572,ªwªj®ß¹«,Normal,55,50,40,40,40,75
573,©_¿Õ®ß¹«,Normal,75,95,60,65,60,115
574,­ô¼wÄ_Ä_,Psychic,45,30,50,55,65,45
575,­ô¼w¤pµ£,Psychic,60,45,70,75,85,55
576,­ô¼w¤p©j,Psychic,70,55,95,95,110,65
577,³æ§Z²Ó­M²y,Psychic,45,30,40,105,50,20
578,Âù§Z²Ó­M²y,Psychic,65,40,50,125,60,30
579,¤H³y²Ó­M§Z,Psychic,110,65,75,125,85,30
580,ÀnÄ_Ä_,Water,62,44,50,44,50,55
581,»R¤ÑÃZ,Water,75,87,63,87,63,98
582,°g§A¦B,Ice,36,50,50,65,60,44
583,¦h¦h¦B,Ice,51,65,65,80,75,59
584,Âù­¿¦h¦h¦B,Ice,71,95,85,110,95,79
585,¥|©u³À,Normal,60,60,50,40,50,75
586,µÞªÞ³À,Normal,80,100,70,60,70,95
587,¹q­¸¹«,Electric,55,75,60,75,60,103
588,»\»\ÂÎ,Bug,50,75,45,40,45,60
589,ÃM¤h½½¤û,Bug,70,135,105,60,105,20
590,«u§r²yÛ£,Grass,69,55,45,55,55,15
591,±ÑÅS²yÛ£,Grass,114,85,70,85,80,30
592,»´ÄÆÄÆ,Water,55,40,50,65,85,40
593,­D¹Ê¹Ê,Water,100,60,70,85,105,60
594,«O¥À°Òªi,Water,165,75,80,40,45,65
595,¹q¹qÂÎ,Bug,50,47,50,57,50,65
596,¹q»jµï,Bug,70,77,60,97,60,108
597,ºØ¤lÅK²y,Grass,44,50,91,24,86,10
598,°íªG°×¹a,Grass,74,94,131,54,116,20
599,¾¦½ü¨à,Steel,40,55,70,45,60,30
600,¾¦½ü²Õ,Steel,60,80,95,70,85,50
601,¾¦½ü©Ç,Steel,60,100,115,70,85,90
602,³Â³Â¤p³½,Electric,35,55,40,45,40,60
603,³Â³ÂÅÁ,Electric,65,85,70,75,70,40
604,³Â³ÂÅÁ³½¤ý,Electric,85,115,80,105,80,50
605,¤p¦Ç©Ç,Psychic,55,55,55,85,55,30
606,¤j¦t©Ç,Psychic,75,75,75,125,95,40
607,Àë¥úÆF,Ghost,50,30,55,65,55,20
608,¿O¤õ«ÕÆF,Ghost,60,40,,95,60,55
609,¤ô´¹¿O¤õÆF,Ghost,60,55,90,145,90,80
610,¤ú¤ú,Dragon,46,87,60,30,40,57
611,©ò¤úÀs,Dragon,66,117,70,40,50,67
612,Âù©ò¾ÔÀs,Dragon,76,147,90,60,70,97
613,¼QÀ¡ºµ,Ice,55,70,40,60,40,40
614,­á­ìºµ,Ice,95,110,80,70,80,50
615,´X¦ó³·ªá,Ice,70,50,30,95,135,105
616,¤p¼L½½,Bug,50,40,85,40,65,25
617,±Ó±¶ÂÎ,Bug,80,70,40,100,60,145
618,ªd¤Ú³½,Ground,109,66,84,81,99,32
619,¥\¤ÒÃ^,Fighting,45,85,,55,50,65
620,®v¤÷Ã^,Fighting,65,125,60,95,60,105
621,¨ª­±Às,Dragon,77,120,90,60,90,48
622,ªd°¸¤p¤H,Ground,59,74,50,35,50,35
623,ªd°¸¥¨¤H,Ground,89,124,80,55,80,55
624,¾s¤M¤p§L,Dark,45,85,70,40,40,60
625,¼A±Ù¥q¥O,Dark,65,125,100,60,70,70
626,Ãz¬µÀY¤ô¤û,Normal,95,,95,40,95,55
627,¤òÀY¤pÆN,Normal,70,83,50,37,50,60
628,«i¤h¶¯ÆN,Normal,100,123,75,57,75,80
629,¨rÆN¤XÀY,Dark,70,55,75,45,65,60
630,¨rÆN®R,Dark,110,65,105,55,95,80
631,º²ÃÆÃ~,Fire,85,97,66,105,66,65
632,ÅKÃÆ,Bug,58,109,112,48,48,109
633,³æ­ºÀs,Dark,52,65,50,45,50,38
634,Âù­º¼ÉÀs,Dark,72,85,70,65,70,58
635,¤T­º´cÀs,Dark,92,105,90,125,90,98
636,¿U¿NÂÎ,Bug,55,85,55,50,55,60
637,¤õ¯«¸¿,Bug,85,60,65,135,105,100
638,¤Ä©¬¸ô¯Î,Steel,91,90,129,90,72,108
639,¥N©Ô°ò¯Î,Rock,91,129,90,72,90,108
640,²¦¤O¦N¯Î,Grass,91,90,72,90,129,108
641,Às±²¶³-Incarnate,Flying,79,115,70,125,80,111
641,Às±²¶³-Therian,Flying,79,100,80,110,90,121
642,¹p¹q¶³-Incarnate,Electric,79,115,70,125,80,111
642,¹p¹q¶³-Therian,Electric,79,105,70,145,80,101
643,µÜ§Æ©Ô©i,Dragon,100,120,100,150,120,90
644,±¶§JÃ¹©i,Dragon,100,150,120,120,100,90
645,¤g¦a¶³-Therian,Ground,89,145,90,105,80,91
645,¤g¦a¶³-Incarnate,Ground,89,125,90,115,80,101
646,­©¹p©i-Black,Dragon,125,170,100,120,90,95
646,­©¹p©i,Dragon,125,130,90,130,90,95
646,­©¹p©i-White,Dragon,125,120,90,170,100,95
647,³Í¸ô­}¼Ú-Ordinary,Water,91,72,90,129,90,108
647,³Í¸ô­}¼Ú-Resolute,Water,91,72,90,129,90,108
648,¬ü¬¥­C¶ð-Pirouette,Normal,100,128,,77,77,128
648,¬ü¬¥­C¶ð-Aria,Normal,100,77,77,128,128,90
649,»\¿ÕÁÉ§J¯S,Bug,71,120,95,120,95,99
650,«¢¤O®ß,Grass,56,61,65,48,45,38
651,­D­D«¢¤O,Grass,61,78,95,56,58,57
652,¥¬¨½¥d¶©,Grass,88,107,122,74,75,64
653,¤õª°¯W,Fire,40,45,40,62,60,60
654,ªø§À¤õª°,Fire,59,59,58,90,70,73
655,§¯¤õ¬õª°,Fire,75,69,72,114,100,104
656,©K©Kªwµì,Water,41,56,40,62,44,71
657,©KÀYµì,Water,54,63,52,83,56,97
658,¥Ò¶P§Ôµì,Water,72,95,67,103,71,122
659,±¸±¸¨ß,Normal,38,36,38,32,36,57
660,±¸¦a¨ß,Normal,85,56,77,50,77,78
661,¤p½b³¶,Normal,45,50,43,40,38,62
662,¤õ½b³¶,Fire,62,73,55,56,52,84
663,¯P½bÆN,Fire,78,81,71,74,69,126
664,¯»½ºÂÎ,Bug,38,35,40,27,25,35
665,¯»½º¸º,Bug,45,22,60,27,30,29
666,±m¯»½º,Bug,80,52,50,90,50,89
667,¤p·à·à,Fire,62,50,58,73,54,72
668,¤õª¢·à,Fire,86,68,72,109,66,106
669,ªá»_»_,Fairy,44,38,39,61,79,42
670,ªá¸­¸¦,Fairy,54,45,47,75,98,52
671,ªá¼ä¤Ò¤H,Fairy,78,65,68,112,154,75
672,§¤ÃM¤p¦Ï,Grass,66,65,48,62,57,52
673,§¤ÃM¤s¦Ï,Grass,123,100,62,97,81,68
674,¹x¥Öºµ¿ß,Fighting,67,82,62,46,48,43
675,¬yª]ºµ¿ß,Fighting,95,124,78,69,71,58
676,¦hÄR¦Ì¨È,Normal,75,80,60,65,90,102
677,§®Øp,Psychic,62,48,54,63,60,68
678,¶W¯à§®Øp-Male,Psychic,74,48,76,83,81,104
678,¶W¯à§®Øp-Female,Psychic,74,48,76,83,81,104
679,¿W¼CÀT,Steel,45,80,100,35,37,28
680,Âù¼CÀT,Steel,59,110,150,45,49,35
681,°í¬Þ¼C©Ç-Blade,Steel,60,150,50,150,50,60
681,°í¬Þ¼C©Ç-Shield,Steel,60,50,150,50,150,60
682,¯»­»­»,Fairy,78,52,60,63,65,23
683,ªÚ­»ºë,Fairy,101,72,72,99,89,29
684,ºøºøªwªÜ,Fairy,62,48,66,59,57,49
685,­D²¢©g,Fairy,82,80,86,85,75,72
686,¦n°Õ¾{,Dark,53,54,53,37,46,45
687,¯Q¸é¤ý,Dark,86,92,88,68,75,73
688,Àt¸}¸},Rock,42,52,67,39,56,50
689,Àt¨¬¥¨ñZ,Rock,72,105,115,54,86,68
690,©U©UÄ¦,Poison,50,60,60,60,60,30
691,¬rÄ¦Às,Poison,65,75,90,97,123,44
692,ÅKÁuºj½¼,Water,50,53,62,58,63,44
693,¿û¬¶Áu½¼,Water,71,73,88,120,89,59
694,³Ê¹q»h,Electric,44,38,33,61,43,70
695,¥ú¹q³Ê»h,Electric,62,55,52,109,94,109
696,Ä_Ä_¼ÉÀs,Rock,58,89,77,45,45,48
697,©ÇÃEÀs,Rock,82,121,119,69,59,71
698,¦B³·Às,Rock,77,59,50,67,63,46
699,¦B³·¥¨Às,Rock,123,77,72,99,92,58
700,¥P¤l¥ì¥¬,Fairy,95,65,65,110,130,60
701,ºL¨¤ÆN¤H,Fighting,78,92,,74,63,118
702,©N©N¹«,Electric,67,58,57,81,67,101
703,¤p¸HÆp,Rock,50,50,150,50,150,50
704,ÂHÂHÄ_,Dragon,45,50,35,55,75,40
705,ÂH¬ü¨à,Dragon,68,75,53,83,113,60
706,ÂH¬üÀs,Dragon,90,100,70,110,150,80
707,Æ_°é¨à,Steel,57,80,91,80,87,75
708,¤p¤ìÆF,Ghost,43,70,48,50,60,38
709,¦´¤ì§¯,Ghost,85,110,76,65,82,56
710,«n¥Êºë-Average,Ghost,49,66,70,44,55,51
710,«n¥Êºë-Small,Ghost,44,66,70,44,55,56
710,«n¥Êºë-Large,Ghost,54,66,70,44,55,46
710,«n¥Êºë-Super,Ghost,59,66,70,44,55,41
711,«n¥Ê©Ç¤H-Super,Ghost,85,100,122,58,75,54
711,«n¥Ê©Ç¤H-Large,Ghost,75,95,122,58,75,69
711,«n¥Ê©Ç¤H-Average,Ghost,65,90,122,58,75,84
711,«n¥Ê©Ç¤H-Small,Ghost,55,85,122,58,75,99
712,¦BÄ_,Ice,55,69,85,32,35,28
713,¦B©¥©Ç,Ice,95,117,184,44,46,28
714,¶ä½»,Flying,40,30,35,45,40,55
715,­µªiÀs,Flying,85,70,80,97,80,123
716,­õº¸¥§¨È´µ,Fairy,126,131,95,131,98,99
717,¥ì»pº¸¶ðº¸,Dark,126,131,95,131,98,99
718,¥ì»pº¸¶ðº¸Mega,Dragon,108,100,121,81,95,95
719,¸¦¦w§ÆMega,Rock,50,160,110,160,110,110
719,¸¦¦w§Æ,Rock,50,100,150,100,150,50
720,­J©¬-Unbound,Psychic,80,160,60,170,130,80
720,­J©¬-Confined,Psychic,80,110,60,150,130,70
721,ªiº¸³Í¥§®¦,Fire,80,110,120,130,90,70
722,¤ì¤ì±ú,Grass,68,55,55,50,50,42
723,§ë¦Ð±ú,Grass,78,75,75,70,70,52
724,ª®®g¾ð±ú,Grass,78,107,75,100,100,70
725,¤õ´³Øp,Fire,45,65,40,60,40,70
726,ª¢¼öØp,Fire,65,85,50,80,50,90
727,¿KµK©H­ýªê,Fire,95,115,90,80,90,60
728,²y²y®ü·à,Water,50,54,54,66,56,40
729,ªáºy®ü·à,Water,60,69,69,91,81,50
730,¦è·à®ü¤Ð,Water,80,74,74,126,116,60
731,¤p¿w¨à,Normal,35,75,30,30,30,65
732,³â¥z°Ö³¾,Normal,55,85,50,40,50,75
733,à¶¼L¤j³¾,Normal,80,120,75,75,75,60
734,¿ßÃ^¤Ö,Normal,48,70,30,30,30,45
735,¿ßÃ^±´ªø,Normal,88,,60,55,60,45
736,±jÃEÂû¥ÀÂÎ,Bug,47,62,45,55,45,46
737,ÂÎ¹qÄ_,Bug,57,82,95,55,75,36
738,Áê¹A¬¶ÂÎ,Bug,77,70,90,145,75,43
739,¦n³ÓÃÉ,Fighting,47,82,,42,47,63
740,¦n³Ó¤òÃÉ,Fighting,97,132,77,62,67,43
741,ªá»R³¾-Pom-Pom,Electric,75,70,70,98,70,93
741,ªá»R³¾-Baile,Fire,75,70,70,98,70,93
741,ªá»R³¾-Pau,Psychic,75,70,70,98,70,93
742,µÞ­j,Bug,40,45,40,55,40,84
743,½ºµ²µÞ­j,Bug,60,55,60,95,70,124
744,©¥ª¯ª¯,Rock,45,65,40,30,40,60
745,ÃO©¥¯T¤H-Midnight,Rock,85,115,75,55,75,82
745,ÃO©¥¯T¤H-Midday,Rock,75,115,65,55,65,112
746,®z¤B³½-School,Water,45,140,130,140,135,30
746,®z¤B³½-Solo,Water,45,20,20,25,25,40
747,¦nÃa¬P,Poison,50,53,62,43,52,45
748,¶WÃa¬P,Poison,50,63,152,53,142,35
749,ªdÆj¥J,Ground,70,100,70,45,55,45
750,­«ªd®¾°¨,Ground,100,125,100,55,85,35
751,ºwµï,Water,38,40,52,40,72,27
752,ºwµïÅQ,Water,68,70,92,50,132,42
753,°°Á®¯ó,Grass,40,55,35,50,35,35
754,ÄõÁ®ªá,Grass,70,105,90,80,90,45
755,ºÎºÎÛ£,Grass,40,35,55,65,75,15
756,¿O¸n©]Û£,Grass,60,45,80,90,100,30
757,©]µs¤õ»h,Poison,48,44,40,71,40,77
758,µK¦Z»h,Poison,68,64,60,111,60,117
759,µ£°¸ºµ,Normal,70,75,50,45,50,50
760,¬ïµÛºµ,Normal,120,125,,55,60,60
761,²¢¦Ë¦Ë,Grass,42,30,38,30,38,32
762,²¢»R©g,Grass,52,40,48,40,48,62
763,²¢§N¬ü¦Z,Grass,72,120,98,50,98,72
764,ªáÀøÀôÀô,Fairy,51,52,90,82,110,100
765,´¼´§µV,Normal,90,60,,90,110,60
766,§ëÂYµU,Fighting,100,120,90,40,60,80
767,Áx¤pÂÎ,Bug,25,35,40,20,30,80
768,¨ã¥ÒªZªÌ,Bug,75,125,140,60,90,40
769,¨F¥C«½,Ghost,55,55,80,70,45,15
770,¾½¨F³ù·Ý,Ghost,85,75,110,100,75,35
771,®±®ü°Ñ,Water,55,60,130,30,130,5
772,ÄÝ©Ê¡GªÅ,Normal,95,95,95,95,95,59
773,»È¦ñ¾ÔÃ~,Normal,95,95,95,95,95,95
774,¤p¹k¬P-Core,Rock,60,100,60,100,60,120
774,¤p¹k¬P-Meteor,Rock,60,60,100,60,100,60
775,¾ðªE§Àºµ,Normal,65,115,,75,95,65
776,ÃzµKÀtÃ~,Fire,60,78,135,91,85,36
777,¦«¤à¼wº¿º¸,Electric,65,98,63,40,73,96
778,Á¼ÀÀ¢ß,Ghost,55,90,80,50,105,96
779,¿i¤ú±m¥Ö³½,Water,68,105,70,70,70,92
780,¦Ñ¯ÎÀs,Normal,78,60,,135,91,36
781,¯}¯}²ë½ü,Ghost,70,131,100,86,90,40
782,¤ßÅìÄ_,Dragon,45,55,65,45,45,45
783,Åì¥ÒÀs,Dragon,55,75,90,65,70,65
784,§ú§ÀÅì¥ÒÀs,Dragon,75,110,125,100,105,85
785,¥d¿\?»ï»ï,Electric,70,115,85,95,75,130
786,¥d¿\?½º½º,Psychic,70,85,75,130,115,95
787,¥d¿\?ÎNÎN,Grass,70,130,115,85,95,75
788,¥d¿\?Å_Å_,Water,70,75,115,95,130,85
789,¬ì´µ²ö¥j,Psychic,43,29,31,29,31,37
790,¬ì´µ²ö©i,Psychic,43,29,131,29,131,37
791,¯Áº¸­{¹p¼Ú,Psychic,137,137,107,113,89,97
792,ÅS©`¶®©Ô,Psychic,137,113,89,137,107,97
793,µê§^¥ì¼w,Rock,109,53,47,127,131,103
794,Ãz¦Ù°A,Bug,107,139,139,53,53,79
795,¶O¬¥¬ü½¸,Bug,71,137,37,137,37,151
796,¹q§ô¤ì,Electric,83,89,71,173,71,83
797,ÅK¤õ½÷©],Steel,97,101,103,107,101,61
798,¯È±s¼C,Grass,59,181,131,59,31,109
799,´c­¹¤j¤ý,Dark,223,101,53,97,53,43
800,©`§J¬¥¯÷º¿-Ultra,Psychic,97,167,97,167,97,129
800,©`§J¬¥¯÷º¿-Dusk,Psychic,97,157,127,113,109,77
800,©`§J¬¥¯÷º¿-Dawn,Psychic,97,113,109,157,127,77
800,©`§J¬¥¯÷º¿,Psychic,97,107,101,127,89,79
801,º¿¾÷¶®®R,Steel,80,95,115,130,115,65
802,º¿®L¦h,Fighting,90,125,80,90,90,125
803,¬r¨©¤ñ,Poison,67,73,67,73,67,73
804,¥|ÃE°wÀs,Poison,73,73,73,127,73,121
805,ÂS½U¥Û,Rock,61,131,211,53,101,13
806,¯yÀY¤p¤¡,Fire,53,127,53,151,79,107
807,±¶©Ô¶ø©Ô,Electric,88,112,75,102,80,143
